<?xml version="1.0" encoding="UTF-8"?>
<project-private xmlns="http://www.netbeans.org/ns/project-private/1">
    <editor-bookmarks xmlns="http://www.netbeans.org/ns/editor-bookmarks/2" lastBookmarkId="0"/>
    <open-files xmlns="http://www.netbeans.org/ns/projectui-open-files/2">
        <group>
            <file>file:/C:/xampp/xampp/htdocs/Website/AdminPage/Order/order.php</file>
            <file>file:/C:/xampp/xampp/htdocs/Website/AdminPage/Order/checkout.php</file>
            <file>file:/C:/xampp/xampp/htdocs/Website/AdminPage/Order/next_cust.php</file>
            <file>file:/C:/xampp/xampp/htdocs/Website/AdminPage/Order/payment.php</file>
            <file>file:/C:/xampp/xampp/htdocs/Website/AdminPage/Order/order_success.php</file>
        </group>
    </open-files>
</project-private>
